filename,label
audio_804.wav,-1
audio_1028.wav,-1
audio_865.wav,-1
audio_774.wav,-1
audio_1138.wav,-1
audio_278.wav,-1
audio_1212.wav,-1
audio_178.wav,-1
audio_542.wav,-1
audio_248.wav,-1
audio_872.wav,-1
audio_954.wav,-1
audio_853.wav,-1
audio_171.wav,-1
audio_922.wav,-1
audio_915.wav,-1
audio_1220.wav,-1
audio_1225.wav,-1
audio_903.wav,-1
audio_748.wav,-1
audio_284.wav,-1
audio_200.wav,-1
audio_1255.wav,-1
audio_1246.wav,-1
audio_1102.wav,-1
audio_1300.wav,-1
audio_80.wav,-1
audio_1041.wav,-1
audio_256.wav,-1
audio_328.wav,-1
audio_301.wav,-1
audio_938.wav,-1
audio_1055.wav,-1
audio_664.wav,-1
audio_89.wav,-1
audio_407.wav,-1
audio_1025.wav,-1
audio_72.wav,-1
audio_1316.wav,-1
audio_661.wav,-1
audio_822.wav,-1
audio_956.wav,-1
audio_1329.wav,-1
audio_1218.wav,-1
audio_1286.wav,-1
audio_1166.wav,-1
audio_1231.wav,-1
audio_501.wav,-1
audio_188.wav,-1
audio_746.wav,-1
audio_218.wav,-1
audio_168.wav,-1
audio_689.wav,-1
audio_234.wav,-1
audio_670.wav,-1
audio_241.wav,-1
audio_1226.wav,-1
audio_47.wav,-1
audio_220.wav,-1
audio_548.wav,-1
audio_674.wav,-1
audio_450.wav,-1
audio_1326.wav,-1
audio_128.wav,-1
audio_430.wav,-1
audio_376.wav,-1
audio_502.wav,-1
audio_67.wav,-1
audio_1134.wav,-1
audio_33.wav,-1
audio_817.wav,-1
audio_780.wav,-1
audio_309.wav,-1
audio_1039.wav,-1
audio_765.wav,-1
audio_353.wav,-1
audio_940.wav,-1
audio_1258.wav,-1
audio_1170.wav,-1
audio_1011.wav,-1
audio_769.wav,-1
audio_324.wav,-1
audio_599.wav,-1
audio_828.wav,-1
audio_1294.wav,-1
audio_585.wav,-1
audio_904.wav,-1
audio_1291.wav,-1
audio_902.wav,-1
audio_529.wav,-1
audio_1006.wav,-1
audio_827.wav,-1
audio_909.wav,-1
audio_947.wav,-1
audio_952.wav,-1
audio_647.wav,-1
audio_841.wav,-1
audio_261.wav,-1
audio_14.wav,-1
audio_681.wav,-1
audio_818.wav,-1
audio_1046.wav,-1
audio_976.wav,-1
audio_714.wav,-1
audio_1207.wav,-1
audio_1217.wav,-1
audio_27.wav,-1
audio_1131.wav,-1
audio_682.wav,-1
audio_1059.wav,-1
audio_846.wav,-1
audio_988.wav,-1
audio_34.wav,-1
audio_1186.wav,-1
audio_1142.wav,-1
audio_257.wav,-1
audio_1092.wav,-1
audio_117.wav,-1
audio_744.wav,-1
audio_449.wav,-1
audio_1270.wav,-1
audio_935.wav,-1
audio_858.wav,-1
audio_686.wav,-1
audio_929.wav,-1
audio_41.wav,-1
audio_483.wav,-1
audio_530.wav,-1
audio_1158.wav,-1
audio_130.wav,-1
audio_962.wav,-1
audio_505.wav,-1
audio_966.wav,-1
audio_989.wav,-1
audio_464.wav,-1
audio_1165.wav,-1
audio_1200.wav,-1
audio_554.wav,-1
audio_481.wav,-1
audio_245.wav,-1
audio_453.wav,-1
audio_1099.wav,-1
audio_327.wav,-1
audio_854.wav,-1
audio_13.wav,-1
audio_358.wav,-1
audio_1104.wav,-1
audio_236.wav,-1
audio_373.wav,-1
audio_701.wav,-1
audio_612.wav,-1
audio_161.wav,-1
audio_472.wav,-1
audio_967.wav,-1
audio_267.wav,-1
audio_709.wav,-1
audio_534.wav,-1
audio_298.wav,-1
audio_995.wav,-1
audio_24.wav,-1
audio_1163.wav,-1
audio_855.wav,-1
audio_652.wav,-1
audio_1069.wav,-1
audio_415.wav,-1
audio_1090.wav,-1
audio_766.wav,-1
audio_568.wav,-1
audio_885.wav,-1
audio_108.wav,-1
audio_1179.wav,-1
audio_377.wav,-1
audio_390.wav,-1
audio_692.wav,-1
audio_508.wav,-1
audio_357.wav,-1
audio_273.wav,-1
audio_1180.wav,-1
audio_668.wav,-1
audio_1187.wav,-1
audio_452.wav,-1
audio_335.wav,-1
audio_268.wav,-1
audio_330.wav,-1
audio_637.wav,-1
audio_339.wav,-1
audio_1088.wav,-1
audio_397.wav,-1
audio_1136.wav,-1
audio_153.wav,-1
audio_99.wav,-1
audio_249.wav,-1
audio_590.wav,-1
audio_57.wav,-1
audio_749.wav,-1
audio_978.wav,-1
audio_981.wav,-1
audio_563.wav,-1
audio_531.wav,-1
audio_787.wav,-1
audio_1079.wav,-1
audio_550.wav,-1
audio_641.wav,-1
audio_1001.wav,-1
